as_of,nav,cash,invested,daily_return,n_positions,sma_on,halted,purification_today,purification_cumulative,fill_basis
2020-01-02,999994.3399990752,7.501541013897208,999986.8384580612,0.0,91,True,False,5.66000092488453,5.66000092488453,close_bootstrap
2020-01-03,992573.3271292404,7.501541013897208,992565.8255882264,-0.007421054873012256,91,True,False,0.0,5.66000092488453,queued_next_open
2020-01-06,997287.6505078032,13.211532468975292,997274.4389753342,0.004749597082361445,91,True,False,0.0,5.66000092488453,next_open
2020-01-07,995664.583964224,74.88156878489326,995589.7023954391,-0.0016274808404103114,91,True,False,0.0,5.66000092488453,next_open
2020-01-08,1003440.792981146,341.0932407362497,1003099.69974041,0.007810068914936297,91,True,False,3.0383394927352807,8.69834041761981,next_open
2020-01-09,1012201.8816928848,316.84321784806616,1011885.0384750366,0.008731046986549362,91,True,False,0.0,8.69834041761981,next_open
2020-01-10,1010007.54764366,305.2001361830271,1009702.3475074768,-0.002167881811832695,91,True,False,0.0,8.69834041761981,next_open
2020-01-13,1018378.1073541624,61.15014076066382,1018316.9572134018,0.008287620949002594,91,True,False,0.0,8.69834041761981,next_open
2020-01-14,1015621.875701444,266.3029656575948,1015355.5727357864,-0.0027064914620752445,91,True,False,1.624251824260373,10.322592241880184,next_open
2020-01-15,1019943.1438485716,116.24423900573998,1019826.8996095656,0.004254800187464491,91,True,False,0.1587556435537807,10.481347885433964,next_open
2020-01-16,1029264.6236383052,509.33425823181415,1028755.2893800735,0.009139215108168397,91,True,False,0.0,10.481347885433964,next_open
2020-01-17,1033439.7289496992,3.6242400738551614,1033436.1047096252,0.004056396397493556,91,True,False,0.0,10.481347885433964,next_open
2020-01-21,1030704.5250355336,220.35423198669696,1030484.1708035468,-0.0026466990164443205,91,True,False,0.0,10.481347885433964,next_open
2020-01-22,1030218.4439016911,26.42422023742938,1030192.0196814537,-0.00047160085362552007,91,True,False,0.0,10.481347885433964,next_open
