key,symbol,ex_date,shares,gross_dividend,impure_ratio,amount,status,actor,posted_at
CSCO|2020-01-02,CSCO,2020-01-02,616.0,0.35,0.0252003699136868,5.433199753390875,posted,session,
NTAP|2020-01-02,NTAP,2020-01-02,33.0,0.48,0.0143182557761145,0.2268011714936544,posted,session,
ORCL|2020-01-08,ORCL,2020-01-08,458.0,0.24,0.0276413709309978,3.0383394927352807,posted,session,
ABBV|2020-01-14,ABBV,2020-01-14,221.0,1.18,0.0062284370897322,1.624251824260373,posted,session,
ACN|2020-01-15,ACN,2020-01-15,98.0,0.8,0.0020249444330839,0.1587556435537807,posted,session,
PG|2020-01-23,PG,2020-01-23,373.0,0.746,0.0032503989125938,0.9044495006205306,posted,session,
CLX|2020-01-28,CLX,2020-01-28,18.0,1.06,0.0004827808175088,0.0092114579980688,posted,session,
HAS|2020-01-30,HAS,2020-01-30,19.0,0.68,0.0048818183763548,0.0630730934225047,posted,session,
PAYX|2020-01-31,PAYX,2020-01-31,52.0,0.62,0.0218315772366532,0.7038500501096996,posted,session,
SBUX|2020-02-05,SBUX,2020-02-05,177.0,0.41,0.0036403280444836,0.2641786061881804,posted,session,
IVZ|2020-02-12,IVZ,2020-02-12,58.0,0.31,0.004008204587794734,0.07206751848854932,posted,session,
RMD|2020-02-12,RMD,2020-02-12,21.0,0.39,0.0008819918667996624,0.007223513389089235,posted,session,
