as_of,symbol,target_weight,invested_weight,fcf_margin,market_cap,debt_ratio,cash_ratio,receivables_ratio,name_capped
2022-02-04,AAPL,0.09999999999999996,0.09999999999999996,0.19543703032957516,2856053917832.672,0.05606361194407351,0.03209912863307537,0.04727305214458486,True
2022-02-04,MSFT,0.09999999999999996,0.09999999999999996,0.33386083480081863,2338258702606.201,0.027715702979027913,0.07213920262149268,0.09319580861324805,True
2022-02-04,META,0.07855589531591353,0.07855589531591353,0.07538211259079904,895610367919.9219,0.0,0.01798158761982412,0.032976167583154276,False
2022-02-04,PG,0.036604943056808524,0.036604943056808524,0.20473475393468035,417330442062.3779,0.09131047356976968,0.029367330001431487,0.04285494997195674,False
2022-02-04,MA,0.033551312065947116,0.033551312065947116,0.05100700525394045,382516204833.9844,0.03977338573241198,0.020294632747119006,0.028784599272393532,False
2022-02-04,PFE,0.026458386026103127,0.026458386026103127,0.05864860886206389,301650242137.90894,0.17755898575121595,0.13221975578294615,0.1851904735412203,False
2022-02-04,ADBE,0.022260680894945598,0.022260680894945598,0.11496644295302014,253792494201.66016,0.01752243643244007,0.024641059043242184,0.03262241621523405,False
2022-02-04,NKE,0.02090214061711869,0.02090214061711869,0.1338632179262652,238303869787.59766,0.044835834412682185,0.04709310318714967,0.06834666972818,False
2022-02-04,CSCO,0.020591333770979835,0.020591333770979835,0.29631859970291863,234760382278.44238,0.04398320682884717,0.11958086771231702,0.1477031975609678,False
2022-02-04,CRM,0.020424878300271277,0.020424878300271277,0.1498067927598129,232862634887.6953,0.04680218115285089,0.041499318591863156,0.0592594891190379,False
2022-02-04,ABT,0.019769074031071435,0.019769074031071435,0.05536332179930796,225385855449.82492,0.09030843173263159,0.04961000512116224,0.08239499096526502,False
2022-02-04,LLY,0.019603767886206245,0.019603767886206245,0.053612749480987446,223501211444.0918,0.09810497496440652,0.021965008763701423,0.055925129886530825,False
2022-02-04,ORCL,0.019014093107095495,0.019014093107095495,0.10829810121832237,216778369781.49414,0.0,0.0964733159028982,0.12047063642685471,False
2022-02-04,PYPL,0.017705357312993178,0.017705357312993178,0.06427735028437605,201857562866.21094,0.032179366556749175,0.05380905022925023,0.056788546239536726,False
2022-02-04,QCOM,0.01734331942966512,0.01734331942966512,0.0929162517597775,197729993820.19043,0.10990659184513414,0.08665483843540776,0.10210947129314844,False
2022-02-04,MCD,0.017004999817664606,0.017004999817664606,0.33896844719179564,193872835156.79828,0.21085798354833407,0.026219022339217305,0.026219022339217305,False
2022-02-04,DHR,0.015878147206862668,0.015878147206862668,0.05958291956305859,181025665924.07227,0.15824401301208815,0.017254082781596018,0.045378304773828315,False
2022-02-04,TXN,0.014735870281618088,0.014735870281618088,0.08898378440764038,168002645141.60156,0.04797700640294256,0.06483092645856943,0.07578630587341459,False
2022-02-04,LIN,0.014326981999915639,0.014326981999915639,0.04589437819420784,163340937921.01703,0.10738667849633916,0.034967257096632544,0.06745704682875898,False
2022-02-04,LOW,0.014281473986660334,0.014281473986660334,0.041463088490932845,162822104187.01172,0.20942468376567422,0.05616699147013159,0.05616699147013159,False
2022-02-04,UNP,0.013822537736359723,0.013822537736359723,0.07276262600419588,157589803513.32495,0.21293296672792933,0.009158572127995231,0.022037334776993548,False
2022-02-04,INTU,0.013306655337751482,0.013306655337751482,0.3318799958476072,151708263713.3789,0.01815308073849287,0.03632401111389674,0.03981361512999837,False
2022-02-04,AMD,0.012145586708150365,0.012145586708150365,0.05774168922201402,138471000000.0,0.0029856812603257887,0.03441641529474583,0.05563096840325878,False
2022-02-04,AMGN,0.011256457561323678,0.011256457561323678,0.07583346376584756,128334099655.15137,0.2549901353222717,0.1856952582005093,0.22219244947775013,False
2022-02-04,AMAT,0.01081109515695527,0.01081109515695527,0.06093273962971643,123256553466.79688,0.06107673498040235,0.0611551533855496,0.11664177634188358,False
2022-02-04,SBUX,0.010176151079271398,0.010176151079271398,0.060132877148313175,116017599639.89258,0.1178378944152438,0.057269966104667135,0.0654045357020299,False
2022-02-04,EL,0.010069447647890655,0.010069447647890655,0.18464384828862165,114801081146.24023,0.057596542753799405,0.051277367386126316,0.06888004574255774,False
2022-02-04,AMT,0.010046140986479267,0.010046140986479267,1.1673761021587108,114535363500.0,0.29295688855119756,0.028620267314146935,0.03517536698642775,False
2022-02-04,ABNB,0.009209300918509886,0.009209300918509886,0.08387983581226478,104994607352.41699,0.01751970425897299,0.07003212425518908,0.07003212425518908,False
2022-02-04,ISRG,0.008903579055242921,0.008903579055242921,0.08000611025185694,101509093383.78906,0.0,0.04390077461538936,0.05136397073047561,False
2022-02-04,SPGI,0.008327978651703864,0.008327978651703864,0.0931098696461825,94946712710.57129,0.049240354816571276,0.07062213787088596,0.08792150881908568,False
2022-02-04,ZTS,0.008295409993054526,0.008295409993054526,0.04252797893350889,94575399669.85945,0.08215875918430111,0.04080518470409616,0.0551630261149449,False
2022-02-04,AMCR,0.008195628595881995,0.008195628595881995,0.07721017028224866,93437798812.86621,0.07281759389144582,0.009841780061651925,0.031424224808615675,False
2022-02-04,BX,0.008071022930107108,0.008071022930107108,0.2989703088876678,92017178174.26538,0.10164198658300401,0.03545251833466193,0.05081022181001563,False
2022-02-04,ADI,0.007555388980920402,0.007555388980920402,0.05603126349098208,86138470929.1128,0.0,0.02632537531161046,0.0457444328883192,False
2022-02-04,CME,0.0072264048987301915,0.0072264048987301915,0.12420237502974195,82387746000.0,0.010755491403990897,0.022534563343358932,0.029287610802565176,False
2022-02-04,CCI,0.006915603239545518,0.006915603239545518,0.47959183673469385,78844317626.95312,0.27380715293122987,0.0047998602306137525,0.011428238644318458,False
2022-02-04,CSX,0.006657297798501728,0.006657297798501728,0.07885548837605381,75899395031.91928,0.25025861428468543,0.033698771507003435,0.05420568799084306,False
2022-02-04,FIS,0.006510913602570474,0.006510913602570474,0.057230264139680645,74230478866.57715,0.23118508796922552,0.016635464734545916,0.05814035084922595,False
2022-02-04,ICE,0.006243605895792109,0.006243605895792109,0.07913340935005701,71182922058.10547,0.23139170681224766,0.010052729336377438,0.03163844427063773,False
2022-02-04,FISV,0.006208903985002594,0.006208903985002594,0.04557283402094573,70787287956.2378,0.2913199436517351,0.01307462894468219,0.05184048737620804,False
2022-02-04,REGN,0.006080065045873994,0.006080065045873994,0.04124049500521843,69318404058.83789,0.03128563080359943,0.09146732513584162,0.17763082237832703,False
2022-02-04,MRNA,0.006015179704846399,0.006015179704846399,0.25716037487956556,68578650741.57715,0.0,0.08459903724840691,0.13249276247984737,False
2022-02-04,NSC,0.005805426655183791,0.005805426655183791,0.06947017413856985,66187270626.49878,0.23290140363151676,0.025704426421588975,0.04228509738978118,False
2022-02-04,MCO,0.005592850107116201,0.005592850107116201,0.10969345484672742,63763700000.0,0.12112991537220912,0.040724263411836124,0.06834306604154487,False
2022-02-04,PGR,0.005576124908252688,0.005576124908252688,0.055549417099427824,63573017156.30704,0.0,0.025710099768349443,0.025710099768349443,False
2022-02-04,WM,0.005519641440671802,0.005519641440671802,0.049666939347902304,62929053021.240234,0.24435617076556415,0.002172554289017049,0.04567982681821192,False
2022-02-04,AON,0.00546530583833233,0.00546530583833233,0.04626891633327535,62309576550.29297,0.16107549124067785,0.01762242576787892,0.07739293841040189,False
2022-02-04,VRTX,0.00546191072373159,0.00546191072373159,0.12075507342925039,62270869081.87866,0.0,0.11917020298464223,0.13800854819485858,False
2022-02-04,NXPI,0.0048897754067455095,0.0048897754067455095,0.05655427072199009,55747993622.49756,0.2147071417488093,0.05154493353982152,0.0734565661648694,False
2022-02-04,ADSK,0.004874888893403079,0.004874888893403079,0.07651676681527428,55578273506.16455,0.04593198025499338,0.031062151628291935,0.0411203886629986,False
2022-02-04,ILMN,0.004553646968071804,0.004553646968071804,0.05823829167677748,51915816375.73242,0.0,0.02256676069379179,0.033341719949957986,False
2022-02-04,COIN,0.004178555023230847,0.004178555023230847,0.6031722992557553,47639418870.84961,0.05175835972279082,0.09721798591382566,0.09721798591382566,False
2022-02-04,TEL,0.0041394248266923145,0.0041394248266923145,0.05749514172753468,47193298187.25586,0.1028721567885375,0.025236187351072654,0.09832347536171483,False
2022-02-04,DDOG,0.003976007578200337,0.003976007578200337,0.059085855999514734,45330189359.35974,0.0,0.046926870769162285,0.05411089520093937,False
2022-02-04,MSCI,0.0038769930837035584,0.0038769930837035584,0.11192760944954104,44201331907.108154,0.11248450149115216,0.034733563846858544,0.048163584642486545,False
2022-02-04,GPN,0.003813564437740005,0.003813564437740005,0.062229890988840866,43478186270.23865,0.21039700187174187,0.04612188734573329,0.06388402351312633,False
2022-02-04,MCHP,0.0037708607131790098,0.0037708607131790098,0.09243640321044756,42991324039.06151,0.22668882131235382,0.007057246552818566,0.03430214354638683,False
2022-02-04,AZO,0.0037648710782396053,0.0037648710782396053,0.09309790372899347,42923036622.43652,0.16243064650480696,0.03669247062309929,0.04960435729715124,False
2022-02-04,PAYX,0.003726696315217478,0.003726696315217478,0.08400539223801527,42487808770.75195,0.023708275852511347,0.11622758795601823,0.11622758795601823,False
2022-02-04,CDNS,0.003698314668964967,0.003698314668964967,0.06644215537777408,42164231570.84656,0.0,0.029309079980559642,0.03876803388448065,False
2022-02-04,PH,0.0035576039040100212,0.0035576039040100212,0.16483853790588557,40559997802.46045,0.19836852852561496,0.023263432286750787,0.023263432286750787,False
2022-02-04,ALGN,0.003423280442867837,0.003423280442867837,0.05026658886883762,39028585246.21582,0.0,0.03330704931733591,0.05631420182161112,False
2022-02-04,EBAY,0.0033351933023979745,0.0033351933023979745,0.09177033492822967,38024309806.82373,0.2514275118853931,0.14246267079522493,0.14503729737586152,False
2022-02-04,TROW,0.0031316927783267725,0.0031316927783267725,0.27459036202813086,35704214306.640625,0.0,0.0576349722370129,0.08075378273000255,False
2022-02-04,BIIB,0.0029456891751474218,0.0029456891751474218,0.0581899518238128,33583600000.0,0.14800280372160363,0.09257755530209648,0.1332339063714527,False
2022-02-04,RMD,0.0029203943580897724,0.0029203943580897724,0.198323649245736,33295215527.76703,0.021438646282503578,0.00965949635692185,0.029754970236067053,False
2022-02-04,BF-B,0.002841989654527035,0.002841989654527035,0.045047418335089566,32401328886.642456,0.0688980275247196,0.03145854618469112,0.058812529027484045,False
2022-02-04,AME,0.00279515857767986,0.00279515857767986,0.05162184114353781,31867410995.4834,0.09881137705062562,0.013350954206816425,0.04195249514950243,False
2022-02-04,VRSK,0.002776820380368978,0.002776820380368978,0.2949795302736479,31658338467.25952,0.12981333892023614,0.010117021305833742,0.02578986463959803,False
2022-02-04,KEYS,0.0027690142551438663,0.0027690142551438663,0.05732073851438386,31569341369.628906,0.07125616804583537,0.08164023273593198,0.11088271375976726,False
2022-02-04,CSGP,0.0024264455111302867,0.0024264455111302867,0.04145747996880249,27663738643.951416,0.03114828873910949,0.11863414648283385,0.12228158509714378,False
2022-02-04,PLTR,0.0023943857804402985,0.0023943857804402985,0.08307637079265555,27298227855.955124,0.0,0.055567490636543176,0.059470302677107185,False
2022-02-04,SWKS,0.0021243665108644943,0.0021243665108644943,0.0807497243660419,24219756706.237793,0.08963112507177584,0.04089851077371558,0.07121657159822661,False
2022-02-04,VRSN,0.002119865511795057,0.002119865511795057,0.14681487985644529,24168441124.938965,0.0,0.05108248377524137,0.05129825063252297,False
2022-02-04,GRMN,0.0020988375597628724,0.0020988375597628724,0.07051911975983316,23928702887.8479,0.0,0.13896221498477956,0.16640158073215888,False
2022-02-04,NOW,0.0020449244870156605,0.0020449244870156605,0.11411743051720964,23314043647.766113,0.07430994562574283,0.22107709564531983,0.25993458742805325,False
2022-02-04,TYL,0.0020009336489978493,0.0020009336489978493,0.04509462123813427,22812507124.456238,0.040405699006383536,0.014219529593905446,0.04121162099107143,False
2022-02-04,LH,0.001958926027164198,0.001958926027164198,0.06655013188479346,22333581112.6709,0.287814930653145,0.10819890465095064,0.23227831634838747,False
2022-02-04,RVTY,0.0019057963900920806,0.0019057963900920806,0.09839337680144868,21727853768.9209,0.29623421480753337,0.028314253339063514,0.08337760499381479,False
2022-02-04,CLX,0.0018088566428677239,0.0018088566428677239,0.041252552756977534,20622650367.845505,0.08465442034489,0.009019496840399238,0.03710878700049972,False
2022-02-04,EXPD,0.0017009133877262197,0.0017009133877262197,0.05069277024266266,19391996728.637695,0.0,0.10731005831334572,0.30366411878380734,False
2022-02-04,AKAM,0.001631947387640365,0.001631947387640365,0.04854735106951632,18605720097.680054,0.0,0.1104514095556507,0.1484781462361174,False
2022-02-04,MPWR,0.0016289411590899021,0.0016289411590899021,0.051371874104549686,18571446292.419434,0.0,0.047224923142905405,0.052307324768252464,False
2022-02-04,BR,0.0016213975516230922,0.0016213975516230922,0.11778841340088511,18485442141.723633,0.2279942766593586,0.01609847436541669,0.06420622854374569,False
2022-02-04,DRI,0.0016046930583748184,0.0016046930583748184,0.13043176164867082,18294995361.328125,0.06086273962814716,0.07951169049936584,0.08397591812104752,False
2022-02-04,TRMB,0.0015886562595488435,0.0015886562595488435,0.06172699421309429,18112160919.189453,0.08126055807993186,0.03154771042183299,0.06723252316515733,False
2022-02-04,ODFL,0.0015229160372969292,0.0015229160372969292,0.05288495261958478,17362661159.79651,0.007637562306355464,0.043150855306591525,0.08837442808649562,False
2022-02-04,DGX,0.0014803615641777043,0.0014803615641777043,0.05955678670360111,16877500534.057617,0.2524246982538194,0.0621925055358262,0.1550086764114817,False
2022-02-04,CRL,0.0014595027032268879,0.0014595027032268879,0.042090510032826094,16639690092.773438,0.20527980139260057,0.01515600153754389,0.06202521723586124,False
2022-02-04,INCY,0.0014400921141547616,0.0014400921141547616,0.05758335194932175,16418391299.722733,0.0,0.1087399999747055,0.1368461388531518,False
2022-02-04,FDS,0.0013977543497015496,0.0013977543497015496,0.08432334316330659,15935701354.603271,0.04427698161384106,0.05462710558526338,0.06675553702423175,False
2022-02-04,ROL,0.0013314440446141576,0.0013314440446141576,0.04637707644990665,15179702119.951677,0.0,0.007056850685003804,0.01622562835542828,False
2022-02-04,GEN,0.0013277704862409963,0.0013277704862409963,0.0972379871358305,15137820133.209229,0.2113513786943735,0.11719772384599841,0.1254114514095077,False
2022-02-04,PTC,0.001194759466415391,0.001194759466415391,0.06608474196531572,13621370630.28717,0.11361107059299634,0.02577172454524772,0.06847614108986287,False
2022-02-04,NDSN,0.0011861426387284604,0.0011861426387284604,0.05882815626842834,13523130769.561768,0.06577590665460468,0.025240761294797777,0.02587621470144344,False
2022-02-04,NWSA,0.001157555947343445,0.001157555947343445,0.09051079290446677,13197215864.181519,0.2036690615491953,0.19930154119212287,0.33282287782262376,False
2022-02-04,FICO,0.0011509313821316685,0.0011509313821316685,0.15248405299313053,13121689651.123047,0.14122163509588687,0.01402080992391056,0.03651547824297477,False
2022-02-04,JKHY,0.0011136080404162924,0.0011136080404162924,0.24976382431145047,12696168795.288086,0.008049117727876557,0.0041010022799064915,0.028756235707449118,False
2022-02-04,CBOE,0.0011087157329326338,0.0011087157329326338,0.17222530764958638,12640391933.630585,0.11502554151186654,0.037113869002712505,0.06582376241879313,False
2022-02-04,FFIV,0.0011045209888010954,0.0011045209888010954,0.05296743564324416,12592567943.847656,0.03331681334619136,0.08673799918442665,0.11917505632353048,False
2022-02-04,GL,0.0010159012569256433,0.0010159012569256433,0.07111014337544913,11582220466.414474,0.1899265012569187,0.018572641272945768,0.018572641272945768,False
2022-02-04,TPR,0.0009303648016043987,0.0009303648016043987,0.2101700224492282,10607025213.241577,0.18579278830704357,0.23407568916833651,0.25732301180525535,False
2022-02-04,IVZ,0.000912487377609132,0.000912487377609132,0.1814794324394689,10403205929.9469,0.24062415442204624,0.16272690823394312,0.24835379810342284,False
2022-02-04,CRWD,0.0009042868120508949,0.0009042868120508949,0.09715301298278432,10309711845.165253,0.07512804107973507,0.1938825797156489,0.22267486059793684,False
2022-02-04,CTAS,0.0008934172814136446,0.0008934172814136446,0.17105281647588508,10185789072.800484,0.18678342659650607,0.056124859133642464,0.15864561662776117,False
2022-02-04,AXON,0.0008294208869513288,0.0008294208869513288,0.06207240426226077,9456170574.284912,0.0,0.05713611609836649,0.05713611609836649,False
2022-02-04,CPRT,0.0006722189750355035,0.0006722189750355035,0.13045835295621336,7663922371.875,0.05971526169993159,0.18959427661545772,0.2717530668953629,False
2022-02-04,COHR,0.0006396982461867279,0.0006396982461867279,0.1378077981487438,7293155775.527954,0.19597832006919252,0.2375892606769729,0.3359390823949157,False
2022-02-04,TECH,0.00032153587836425234,0.00032153587836425234,0.33066854844946253,3665808468.774811,0.09588781368056039,0.06752245651661354,0.10991754509494887,False
