symbol,side,as_of,price_field,target_weight,reason,shares,price,status,detail
ADI,sell,2020-09-08,open,0.006066249524169566,rebalance,1,114.38999938964844,filled,sell
AMCR,sell,2020-09-08,open,0.012451947035835959,rebalance,2,54.45000076293945,filled,sell
AMGN,sell,2020-09-08,open,0.02088437740645016,rebalance,1,246.22999572753906,filled,sell
CL,sell,2020-09-08,open,0.009554230913312537,rebalance,2,77.19999694824219,filled,sell
CSCO,sell,2020-09-08,open,0.02522697930235709,rebalance,10,40.04999923706055,filled,sell
EL,sell,2020-09-08,open,0.01143696161097765,rebalance,1,213.72999572753906,filled,sell
GILD,sell,2020-09-08,open,0.011768114514789804,rebalance,3,65.12000274658203,filled,sell
INTC,sell,2020-09-08,open,0.030464752686353104,rebalance,8,49.2599983215332,filled,sell
ITW,sell,2020-09-08,open,0.008782071843660413,rebalance,1,192.8300018310547,filled,sell
MDT,sell,2020-09-08,open,0.020262746460063936,rebalance,3,105.0,filled,sell
MSFT,sell,2020-09-08,open,0.1,rebalance,1,206.5,filled,sell
MSI,sell,2020-09-08,open,0.003696426847131474,rebalance,1,151.14999389648438,filled,sell
NKE,sell,2020-09-08,open,0.0250370571840948,rebalance,3,111.29000091552734,filled,sell
NSC,sell,2020-09-08,open,0.007622624385567879,rebalance,1,207.8800048828125,filled,sell
PAYX,sell,2020-09-08,open,0.0038574615939944994,rebalance,2,74.55000305175781,filled,sell
PG,sell,2020-09-08,open,0.05106650150692744,rebalance,5,138.52000427246094,filled,sell
REGN,sell,2020-09-08,open,0.01027577373248689,rebalance,1,577.780029296875,filled,sell
SBUX,sell,2020-09-08,open,0.01387679895969235,rebalance,3,85.2699966430664,filled,sell
TXN,sell,2020-09-08,open,0.01852612793553051,rebalance,1,136.1999969482422,filled,sell
UNP,sell,2020-09-08,open,0.018362768283779016,rebalance,2,190.64999389648438,filled,sell
VRTX,sell,2020-09-08,open,0.010207736524653958,rebalance,1,261.7799987792969,filled,sell
ZTS,sell,2020-09-08,open,0.010691596499518952,rebalance,1,156.22999572753906,filled,sell
ADBE,buy,2020-09-08,open,0.034645492081113505,rebalance,1,471.8900146484375,filled,buy
ADSK,buy,2020-09-08,open,0.007644421835050373,rebalance,1,224.16000366210938,filled,buy
CRM,buy,2020-09-08,open,0.035342274253849976,rebalance,3,240.57000732421875,filled,buy
GPN,buy,2020-09-08,open,0.007430599810954253,rebalance,1,168.92999267578125,filled,buy
ICE,buy,2020-09-08,open,0.008124640889791226,rebalance,1,99.33000183105469,filled,buy
LOW,buy,2020-09-08,open,0.017504395235353416,rebalance,2,153.94000244140625,filled,buy
MA,buy,2020-09-08,open,0.050761222329953296,rebalance,1,328.760009765625,filled,buy
MCO,buy,2020-09-08,open,0.007775244941171133,rebalance,1,277.9700012207031,filled,buy
META,buy,2020-09-08,open,0.1,rebalance,5,271.2799987792969,filled,buy
ORCL,buy,2020-09-08,open,0.02467287270107761,rebalance,3,55.349998474121094,filled,buy
PYPL,buy,2020-09-08,open,0.03366543268060151,rebalance,9,184.6999969482422,filled,buy
RMD,buy,2020-09-08,open,0.003682463094784496,rebalance,1,171.02000427246094,filled,buy
TTWO,buy,2020-09-08,open,0.0027501798992776117,rebalance,0,157.05999755859375,rejected,no cash
VEEV,buy,2020-09-08,open,0.006328673244167167,rebalance,0,260.1099853515625,rejected,no cash
