symbol,n_new_bars,n_new_filings,n_new_dividends,facts_redownloaded
MMM,1,0,0,0
AOS,1,0,0,0
ABT,1,0,0,0
ABBV,1,0,0,0
ACN,1,0,0,0
ADBE,1,0,0,0
AMD,1,0,0,0
AES,1,0,0,0
A,1,0,0,0
APD,1,0,0,0
ABNB,1,0,0,0
AKAM,1,0,0,0
ALB,1,0,0,0
ARE,1,0,0,0
ALGN,1,0,0,0
ALLE,1,0,0,0
LNT,1,0,0,0
GOOGL,1,0,0,0
GOOG,1,0,0,0
AMZN,1,0,0,0
AMCR,1,0,0,0
AEE,1,0,0,0
AEP,1,0,0,0
AXP,1,0,0,0
AMT,1,0,0,0
AWK,1,0,0,0
AME,1,0,0,0
AMGN,1,0,0,0
APH,1,0,0,0
ADI,1,0,0,0
APA,1,0,0,0
AAPL,1,0,0,0
AMAT,1,0,0,0
APP,1,0,0,0
APTV,1,0,0,0
ADM,1,0,0,0
ANET,1,0,0,0
T,1,0,0,0
ATO,1,0,0,0
ADSK,1,0,0,0
ADP,1,0,0,0
AZO,1,0,0,0
AVY,1,0,0,0
BKR,1,0,0,0
BALL,1,0,0,0
BAX,1,0,0,0
BDX,1,0,0,0
BRK-B,1,0,0,0
BBY,1,0,0,0
TECH,1,0,0,0
BIIB,1,0,0,0
XYZ,1,0,0,0
BE,1,0,0,0
BKNG,1,0,0,0
BSX,1,0,0,0
BMY,1,0,0,0
AVGO,1,0,0,0
BR,1,0,0,0
BG,1,0,0,0
BXP,1,0,0,0
CHRW,1,0,0,0
CDNS,1,0,0,0
CPT,1,0,0,0
COF,1,0,0,0
CAH,1,0,0,0
CCL,1,0,0,0
CARR,1,0,0,0
CVNA,1,0,0,0
CASY,1,0,0,0
CAT,1,0,0,0
CBOE,1,0,0,0
CBRE,1,0,0,0
CDW,1,0,0,0
COR,1,0,0,0
CNC,1,0,0,0
CNP,1,0,0,0
CF,1,0,0,0
CRL,1,0,0,0
CHTR,1,0,0,0
CVX,1,0,0,0
CMG,1,0,0,0
CHD,1,0,0,0
CIEN,1,0,0,0
CI,1,0,0,0
CTAS,1,0,0,0
CSCO,1,0,0,0
CLX,1,0,0,0
CME,1,0,0,0
CMS,1,0,0,0
KO,1,0,0,0
CTSH,1,0,0,0
COHR,1,0,0,0
COIN,1,0,0,0
CL,1,0,0,0
CMCSA,1,0,0,0
FIX,1,0,0,0
COP,1,0,0,0
ED,1,0,0,0
CEG,1,0,0,0
COO,1,0,0,0
CPRT,1,0,0,0
GLW,1,0,0,0
CPAY,1,0,0,0
CTVA,1,0,0,0
CSGP,1,0,0,0
COST,1,0,0,0
CRH,1,0,0,0
CRWD,1,0,0,0
CCI,1,0,0,0
CSX,1,0,0,0
CMI,1,0,0,0
CVS,1,0,0,0
DHR,1,0,0,0
DRI,1,0,0,0
DDOG,1,0,0,0
DVA,1,0,0,0
DECK,1,0,0,0
DE,1,0,0,0
DELL,1,0,0,0
DAL,1,0,0,0
DVN,1,0,0,0
DXCM,1,0,0,0
FANG,1,0,0,0
DLR,1,0,0,0
DG,1,0,0,0
DLTR,1,0,0,0
D,1,0,0,0
DPZ,1,0,0,0
DASH,1,0,0,0
DOV,1,0,0,0
DOW,1,0,0,0
DHI,1,0,0,0
DTE,1,0,0,0
DUK,1,0,0,0
DD,1,0,0,0
ETN,1,0,0,0
EBAY,1,0,0,0
ECHO,1,0,0,0
ECL,1,0,0,0
EIX,1,0,0,0
EW,1,0,0,0
ELV,1,0,0,0
EME,1,0,0,0
EMR,1,0,0,0
ETR,1,0,0,0
EOG,1,0,0,0
EQT,1,0,0,0
EFX,1,0,0,0
EQIX,1,0,0,0
ESS,1,0,0,0
EL,1,0,0,0
EVRG,1,0,0,0
P,1,0,0,0
ES,1,0,0,0
EXC,1,0,0,0
EXE,1,0,0,0
EXPE,1,0,0,0
EXPD,1,0,0,0
EXR,1,0,0,0
XOM,1,0,0,0
FFIV,1,0,0,0
FDS,1,0,0,0
FICO,1,0,0,0
FAST,1,0,0,0
FRT,1,0,0,0
FDX,1,0,0,0
FDXF,1,0,0,0
FERG,1,0,0,0
FIS,1,0,0,0
FSLR,1,0,0,0
FE,1,0,0,0
FISV,1,0,0,0
FLEX,1,0,0,0
F,1,0,0,0
FTNT,1,0,0,0
FTV,1,0,0,0
FOXA,1,0,0,0
FOX,1,0,0,0
FCX,1,0,0,0
GRMN,1,0,0,0
IT,1,0,0,0
GEHC,1,0,0,0
GEV,1,0,0,0
GEN,1,0,0,0
GNRC,1,0,0,0
GIS,1,0,0,0
GM,1,0,0,0
GPC,1,0,0,0
GILD,1,0,0,0
GPN,1,0,0,0
GDDY,1,0,0,0
HAL,1,0,0,0
HAS,1,0,0,0
HCA,1,0,0,0
DOC,1,0,0,0
HSIC,1,0,0,0
HSY,1,0,0,0
HPE,1,0,0,0
HLT,1,0,0,0
HD,1,0,0,0
HON,1,0,0,0
HRL,1,0,0,0
HST,1,0,0,0
HPQ,1,0,0,0
HUBB,1,0,0,0
HUM,1,0,0,0
IBM,1,0,0,0
IEX,1,0,0,0
IDXX,1,0,0,0
ITW,1,0,0,0
ILMN,1,0,0,0
INCY,1,0,0,0
IR,1,0,0,0
PODD,1,0,0,0
INTC,1,0,0,0
ICE,1,0,0,0
IFF,1,0,0,0
IP,1,0,0,0
INTU,1,0,0,0
ISRG,1,0,0,0
INVH,1,0,0,0
IQV,1,0,0,0
IRM,1,0,0,0
JBHT,1,0,0,0
JBL,1,0,0,0
JKHY,1,0,0,0
J,1,0,0,0
JNJ,1,0,0,0
JCI,1,0,0,0
KVUE,1,0,0,0
KDP,1,0,1,0
KEYS,1,0,0,0
KMB,1,0,0,0
KIM,1,0,0,0
KMI,1,0,0,0
KLAC,1,0,0,0
KHC,1,0,0,0
KR,1,0,0,0
LH,1,0,0,0
LRCX,1,0,0,0
LDOS,1,0,0,0
LEN,1,0,0,0
LII,1,0,0,0
LLY,1,0,0,0
LIN,1,0,0,0
LYV,1,0,0,0
LOW,1,0,0,0
LULU,1,0,0,0
LITE,1,0,0,0
LYB,1,0,0,0
MPC,1,0,0,0
MAR,1,0,0,0
MLM,1,0,0,0
MRVL,1,0,0,0
MAS,1,0,0,0
MA,1,0,0,0
MKC,1,0,0,0
MCD,1,0,0,0
MCK,1,0,0,0
MDT,1,0,0,0
MRK,1,0,0,0
META,1,0,0,0
MTD,1,0,0,0
MCHP,1,0,0,0
MU,1,0,0,0
MSFT,1,0,0,0
MAA,1,0,0,0
MRNA,1,0,0,0
MDLZ,1,0,0,0
MPWR,1,0,0,0
MNST,1,0,0,0
MCO,1,0,0,0
MOS,1,0,0,0
MSI,1,0,0,0
MSCI,1,0,0,0
NDAQ,1,0,0,0
NTAP,1,0,0,0
NFLX,1,0,0,0
NEM,1,0,0,0
NWSA,1,0,0,0
NWS,1,0,0,0
NEE,1,0,0,0
NKE,1,0,0,0
NI,1,0,0,0
NDSN,1,0,0,0
NSC,1,0,0,0
NCLH,1,0,0,0
NRG,1,0,0,0
NUE,1,0,0,0
NVDA,1,0,0,0
NVR,1,0,0,0
NXPI,1,0,0,0
ORLY,1,0,0,0
OXY,1,0,0,0
ODFL,1,0,0,0
OMC,1,0,0,0
ON,1,0,0,0
OKE,1,0,0,0
ORCL,1,0,0,0
OTIS,1,0,0,0
PCAR,1,0,0,0
PKG,1,0,0,0
PLTR,1,0,0,0
PANW,1,0,0,0
PSKY,1,0,0,0
PH,1,0,0,0
PAYX,1,0,0,0
PYPL,1,0,0,0
PNR,1,0,0,0
PEP,1,0,0,0
PFE,1,0,0,0
PCG,1,0,0,0
PSX,1,0,0,0
PNW,1,0,0,0
PPG,1,0,0,0
PPL,1,0,0,0
PG,1,0,0,0
PLD,1,0,0,0
PEG,1,0,0,0
PTC,1,0,0,0
PSA,1,0,0,0
PHM,1,0,0,0
PWR,1,0,0,0
QCOM,1,0,0,0
DGX,1,0,0,0
Q,1,0,0,0
RL,1,0,0,0
RDDT,1,0,0,0
O,1,0,0,0
REG,1,0,0,0
REGN,1,0,0,0
RSG,1,0,0,0
RMD,1,0,0,0
RVTY,1,0,0,0
ROK,1,0,0,0
ROL,1,0,0,0
ROP,1,0,0,0
ROST,1,0,0,0
RCL,1,0,0,0
SPGI,1,0,0,0
CRM,1,0,0,0
SNDK,1,0,0,0
SBAC,1,0,0,0
SLB,1,0,0,0
STX,1,0,0,0
SRE,1,0,0,0
NOW,1,0,0,0
SHW,1,0,0,0
SPG,1,0,0,0
SWKS,1,0,0,0
SJM,1,0,0,0
SW,1,0,0,0
SNA,1,0,0,0
SOLV,1,0,0,0
SO,1,0,0,0
LUV,1,0,0,0
SWK,1,0,0,0
SBUX,1,0,0,0
STLD,1,0,0,0
STE,1,0,0,0
SYK,1,0,0,0
SMCI,1,0,0,0
SYF,1,0,0,0
SNPS,1,0,0,0
SYY,1,0,0,0
TMUS,1,0,0,0
TTWO,1,0,0,0
TPR,1,0,0,0
TRGP,1,0,0,0
TGT,1,0,0,0
TEL,1,0,0,0
TDY,1,0,0,0
TER,1,0,0,0
TSLA,1,0,0,0
TXN,1,0,0,0
TPL,1,0,0,0
TMO,1,0,0,0
TJX,1,0,0,0
TKO,1,0,0,0
TSCO,1,0,0,0
TT,1,0,0,0
TRMB,1,0,0,0
TYL,1,0,0,0
TSN,1,0,0,0
UBER,1,0,0,0
UDR,1,0,0,0
ULTA,1,0,0,0
UNP,1,0,0,0
UAL,1,0,0,0
UPS,1,0,0,0
URI,1,0,0,0
UNH,1,0,0,0
UHS,1,0,0,0
VLO,1,0,0,0
VEEV,1,0,0,0
VTR,1,0,0,0
VLTO,1,0,0,0
VRSN,1,0,0,0
VRSK,1,0,0,0
VZ,1,0,0,0
VRTX,1,0,0,0
VRT,1,0,0,0
VTRS,1,0,0,0
VICI,1,0,0,0
V,1,0,0,0
VST,1,0,0,0
VMRK,1,0,0,0
VMC,1,0,0,0
GWW,1,0,0,0
WAB,1,0,0,0
WMT,1,0,0,0
DIS,1,0,0,0
WBD,1,0,0,0
WM,1,0,0,0
WAT,1,0,0,0
WEC,1,0,0,0
WELL,1,0,0,0
WST,1,0,0,0
WDC,1,0,0,0
WY,1,0,0,0
WSM,1,0,0,0
WMB,1,0,0,0
WDAY,1,0,0,0
XEL,1,0,0,0
XYL,1,0,0,0
YUM,1,0,0,0
ZBRA,1,0,0,0
ZBH,1,0,0,0
ZTS,1,0,0,0
SPY,1,0,0,0
SPUS,1,0,0,0
