symbol,side,shares,target_weight,current_weight,drift,price_ref,notional,est_cost,created_as_of,status,reason
CME,sell,1,0.009112464256202192,0.009362869958956284,-0.00025040570275409145,192.13999938964844,192.13999938964844,0.19213999938964843,2020-06-05,pending,rebalance
COP,sell,8,0.0062975841759574545,0.0067265975297887935,-0.000429013353831339,48.59000015258789,388.7200012207031,0.3887200012207031,2020-06-05,pending,rebalance
CPAY,sell,1,0.002843206555413014,0.0031278746822065934,-0.0002846681267935796,282.42999267578125,282.42999267578125,0.2824299926757812,2020-06-05,pending,rebalance
CRM,buy,1,0.021730435596002472,0.02156781732158192,0.00016261827442055204,173.8800048828125,173.8800048828125,0.1738800048828125,2020-06-05,pending,rebalance
DG,buy,1,0.006762189483852052,0.006579711673834765,0.00018247781001728709,185.66000366210938,185.66000366210938,0.18566000366210939,2020-06-05,pending,rebalance
FIS,sell,3,0.0120799115452,0.012517402598347296,-0.0004374910531472955,143.07000732421875,429.21002197265625,0.42921002197265623,2020-06-05,pending,rebalance
GILD,buy,5,0.013587669808580186,0.013174938977148864,0.0004127308314313214,76.75,383.75,0.38375,2020-06-05,pending,rebalance
ILMN,buy,1,0.007276716193094511,0.006866826796685439,0.00040988939640907145,344.4649658203125,344.4649658203125,0.3444649658203125,2020-06-05,pending,rebalance
ISRG,sell,1,0.00313854362892527,0.0032823692158269516,-0.00014382558690168154,197.586669921875,197.586669921875,0.197586669921875,2020-06-05,pending,rebalance
ITW,sell,1,0.007584700425358489,0.0076959915102639345,-0.00011129108490544586,182.8699951171875,182.8699951171875,0.1828699951171875,2020-06-05,pending,rebalance
JNJ,buy,5,0.055313516589919155,0.05448635462558459,0.0008271619643345635,147.3000030517578,736.5000152587891,0.736500015258789,2020-06-05,pending,rebalance
KEYS,sell,1,0.00287527882942269,0.0029461916671356062,-7.09128377129162e-05,106.41000366210938,106.41000366210938,0.10641000366210937,2020-06-05,pending,rebalance
LHX,sell,1,0.0059910695653427005,0.0061260516100265835,-0.00013498204468388297,204.8699951171875,204.8699951171875,0.2048699951171875,2020-06-05,pending,rebalance
MA,sell,2,0.042308687874222886,0.0428299677657219,-0.000521279891499013,311.8800048828125,623.760009765625,0.623760009765625,2020-06-05,pending,rebalance
MCO,buy,1,0.006980384242458414,0.006814565238882099,0.0001658190035763148,279.69000244140625,279.69000244140625,0.27969000244140624,2020-06-05,pending,rebalance
MSCI,sell,1,0.0038324023726011842,0.004030897350340444,-0.00019849497773925936,330.8800048828125,330.8800048828125,0.3308800048828125,2020-06-05,pending,rebalance
MSFT,sell,2,0.1,0.1003436117748638,-0.0003436117748637918,187.1999969482422,374.3999938964844,0.3743999938964844,2020-06-05,pending,rebalance
NEM,buy,4,0.006585398068818767,0.006367826988241865,0.00021757108057690166,54.7599983215332,219.0399932861328,0.2190399932861328,2020-06-05,pending,rebalance
NKE,buy,1,0.02221135733653066,0.022067492380750484,0.00014386495578017425,102.70999908447266,102.70999908447266,0.10270999908447266,2020-06-05,pending,rebalance
NSC,buy,1,0.0063587408031732535,0.006238749605381851,0.0001199911977914029,194.25,194.25,0.19425,2020-06-05,pending,rebalance
PAYX,sell,3,0.0036095238908794886,0.003900789898868092,-0.00029126600798860336,80.05000305175781,240.15000915527344,0.24015000915527343,2020-06-05,pending,rebalance
PFE,buy,15,0.02831421460170253,0.027757211321996694,0.0005570032797058352,34.14611053466797,512.1916580200195,0.5121916580200195,2020-06-05,pending,rebalance
PM,buy,2,0.015912088554305915,0.015720963122214385,0.00019112543209152955,75.91000366210938,151.82000732421875,0.15182000732421874,2020-06-05,pending,rebalance
PYPL,buy,2,0.02531384522822883,0.025051349766784265,0.0002624954614445646,156.0,312.0,0.312,2020-06-05,pending,rebalance
REGN,buy,1,0.009819775814894708,0.009256374065021347,0.0005634017498733612,597.0,597.0,0.597,2020-06-05,pending,rebalance
SBUX,sell,4,0.012819730019568341,0.013190499067650827,-0.00037076904808248587,82.13999938964844,328.55999755859375,0.3285599975585938,2020-06-05,pending,rebalance
SWKS,sell,1,0.0027642679925566765,0.0028651125395108947,-0.00010084454695421814,136.16000366210938,136.16000366210938,0.13616000366210937,2020-06-05,pending,rebalance
UNP,sell,3,0.016046446381825508,0.016580438677474593,-0.0005339922956490856,184.8300018310547,554.4900054931641,0.5544900054931641,2020-06-05,pending,rebalance
VRSN,buy,1,0.0035277796795509814,0.0032758571208683844,0.00025192255868259706,211.27999877929688,211.27999877929688,0.21127999877929687,2020-06-05,pending,rebalance
VRTX,buy,3,0.010386393482008156,0.009415940839182929,0.0009704526428252272,265.69000244140625,797.0700073242188,0.7970700073242187,2020-06-05,pending,rebalance
ZTS,buy,1,0.009215152093110336,0.009057668443597629,0.00015748364951270744,141.00999450683594,141.00999450683594,0.14100999450683593,2020-06-05,pending,rebalance
