symbol,shares
A,28.0
AAPL,656.0
ABBV,170.0
ABNB,65.0
ADBE,47.0
ADI,47.0
ADSK,20.0
AMAT,80.0
AMCR,157.0
AON,20.0
BMY,200.0
BR,10.0
BX,71.0
CBOE,10.0
CCI,43.0
CDNS,26.0
CF,19.0
CHD,24.0
CME,35.0
CRM,98.0
CRWD,23.0
CSCO,400.0
CSGP,39.0
CSX,191.0
CTAS,10.0
DDOG,31.0
DHR,67.0
DRI,12.0
DVN,66.0
EBAY,52.0
EL,42.0
EMR,55.0
EW,57.0
EXE,14.0
EXPD,14.0
FAST,54.0
FFIV,6.0
FICO,2.0
FIS,64.0
FTNT,77.0
FTV,34.0
GD,27.0
GILD,121.0
GL,10.0
GOOG,1035.0
HLT,25.0
IEX,7.0
INCY,22.0
INTU,28.0
ISRG,33.0
IVZ,42.0
JKHY,7.0
JNJ,248.0
KEYS,17.0
LIN,47.0
LYV,22.0
MA,92.0
MCD,70.0
MCHP,51.0
MCO,18.0
MDLZ,129.0
META,249.0
MO,171.0
MRK,235.0
MRNA,37.0
MSCI,8.0
MSFT,361.0
NDAQ,48.0
NDSN,5.0
NKE,152.0
NSC,22.0
NWSA,61.0
ORCL,255.0
OTIS,40.0
P,29.0
PAYX,35.0
PFE,547.0
PG,240.0
PGR,61.0
PH,12.0
PHM,22.0
PTC,11.0
QCOM,110.0
REGN,11.0
RMD,14.0
ROL,49.0
RSG,30.0
RVTY,12.0
SBUX,114.0
SPGI,31.0
STLD,17.0
SWKS,15.0
TECH,4.0
TPR,25.0
TROW,23.0
TXN,89.0
TYL,5.0
UNP,58.0
VRSK,14.0
VRSN,10.0
VRTX,24.0
WM,38.0
WST,7.0
